{
  "replayCount": 20,
  "totalMacroActions": 8447,
  "stagePriors": {
    "build": 0.0691369717059311,
    "production": 0.17994554279625902,
    "setup": 0.03243755179353617,
    "tactical": 0.7184799337042737
  },
  "templatePriors": {
    "attack_move_center": 0.27962662337662336,
    "deploy_mcv": 0.1112012987012987,
    "train_infantry": 0.16883116883116883,
    "train_vehicle": 0.4403409090909091
  },
  "byMap": {
    "2_malibu_cliffs_le.map": {
      "replayCount": 4,
      "totalMacroActions": 2401,
      "stagePriors": {
        "build": 0.06205747605164515,
        "production": 0.17659308621407746,
        "setup": 0.03331945022907122,
        "tactical": 0.7280299875052062
      },
      "templatePriors": {
        "attack_move_center": 0.33465608465608465,
        "deploy_mcv": 0.10582010582010581,
        "train_infantry": 0.12566137566137567,
        "train_vehicle": 0.43386243386243384
      }
    },
    "2_pinch_point_le.map": {
      "replayCount": 3,
      "totalMacroActions": 1215,
      "stagePriors": {
        "build": 0.0757201646090535,
        "production": 0.20411522633744855,
        "setup": 0.03868312757201646,
        "tactical": 0.6814814814814815
      },
      "templatePriors": {
        "attack_move_center": 0.2328042328042328,
        "deploy_mcv": 0.12433862433862433,
        "train_infantry": 0.16666666666666666,
        "train_vehicle": 0.47619047619047616
      }
    },
    "2_under_pressure.map": {
      "replayCount": 4,
      "totalMacroActions": 839,
      "stagePriors": {
        "build": 0.07508939213349225,
        "production": 0.12872467222884387,
        "setup": 0.041716328963051254,
        "tactical": 0.7544696066746126
      },
      "templatePriors": {
        "attack_move_center": 0.2777777777777778,
        "deploy_mcv": 0.17676767676767677,
        "train_infantry": 0.1919191919191919,
        "train_vehicle": 0.35353535353535354
      }
    },
    "4_caverns_v410.map": {
      "replayCount": 2,
      "totalMacroActions": 706,
      "stagePriors": {
        "build": 0.06373937677053824,
        "production": 0.19405099150141644,
        "setup": 0.039660056657223795,
        "tactical": 0.7025495750708215
      },
      "templatePriors": {
        "attack_move_center": 0.34523809523809523,
        "deploy_mcv": 0.1111111111111111,
        "train_infantry": 0.10714285714285714,
        "train_vehicle": 0.4365079365079365
      }
    },
    "4_desert_island_le_v108.map": {
      "replayCount": 1,
      "totalMacroActions": 438,
      "stagePriors": {
        "build": 0.07990867579908675,
        "production": 0.228310502283105,
        "setup": 0.01598173515981735,
        "tactical": 0.6757990867579908
      },
      "templatePriors": {
        "attack_move_center": 0.009259259259259259,
        "deploy_mcv": 0.06481481481481481,
        "train_infantry": 0.17592592592592593,
        "train_vehicle": 0.75
      }
    },
    "4_golden_state_freeway_le.map": {
      "replayCount": 1,
      "totalMacroActions": 668,
      "stagePriors": {
        "build": 0.059880239520958084,
        "production": 0.19011976047904192,
        "setup": 0.02844311377245509,
        "tactical": 0.7215568862275449
      },
      "templatePriors": {
        "attack_move_center": 0.08441558441558442,
        "deploy_mcv": 0.12337662337662338,
        "train_infantry": 0.2532467532467532,
        "train_vehicle": 0.538961038961039
      }
    },
    "4_jungle_of_vietnam_le.map": {
      "replayCount": 2,
      "totalMacroActions": 1094,
      "stagePriors": {
        "build": 0.056672760511883,
        "production": 0.1380255941499086,
        "setup": 0.03016453382084095,
        "tactical": 0.7751371115173674
      },
      "templatePriors": {
        "attack_move_center": 0.38666666666666666,
        "deploy_mcv": 0.11,
        "train_infantry": 0.14666666666666667,
        "train_vehicle": 0.3566666666666667
      }
    },
    "dorado_descent_yr_port.mpr": {
      "replayCount": 1,
      "totalMacroActions": 480,
      "stagePriors": {
        "build": 0.07083333333333333,
        "production": 0.1625,
        "setup": 0.020833333333333332,
        "tactical": 0.7458333333333333
      },
      "templatePriors": {
        "attack_move_center": 0.2413793103448276,
        "deploy_mcv": 0.08620689655172414,
        "train_infantry": 0.25862068965517243,
        "train_vehicle": 0.41379310344827586
      }
    },
    "offensedefense.map": {
      "replayCount": 2,
      "totalMacroActions": 606,
      "stagePriors": {
        "build": 0.10561056105610561,
        "production": 0.24257425742574257,
        "setup": 0.024752475247524754,
        "tactical": 0.6270627062706271
      },
      "templatePriors": {
        "attack_move_center": 0.2376237623762376,
        "deploy_mcv": 0.07425742574257425,
        "train_infantry": 0.30198019801980197,
        "train_vehicle": 0.38613861386138615
      }
    }
  },
  "byPlayerCountry": {
    "alliance": {
      "replayCount": 1,
      "totalMacroActions": 419,
      "stagePriors": {
        "build": 0.045346062052505964,
        "production": 0.13126491646778043,
        "setup": 0.026252983293556086,
        "tactical": 0.7971360381861575
      },
      "templatePriors": {
        "deploy_mcv": 0.18032786885245902,
        "train_infantry": 0.3114754098360656,
        "train_vehicle": 0.5081967213114754
      }
    },
    "americans": {
      "replayCount": 4,
      "totalMacroActions": 1044,
      "stagePriors": {
        "build": 0.05363984674329502,
        "production": 0.16091954022988506,
        "setup": 0.038314176245210725,
        "tactical": 0.7471264367816092
      },
      "templatePriors": {
        "attack_move_center": 0.35802469135802467,
        "deploy_mcv": 0.12345679012345678,
        "train_infantry": 0.13580246913580246,
        "train_vehicle": 0.38271604938271603
      }
    },
    "arabs": {
      "replayCount": 12,
      "totalMacroActions": 2197,
      "stagePriors": {
        "build": 0.06873008648156577,
        "production": 0.17478379608557124,
        "setup": 0.027765134274010013,
        "tactical": 0.728720983158853
      },
      "templatePriors": {
        "attack_move_center": 0.3046875,
        "deploy_mcv": 0.0953125,
        "train_infantry": 0.1359375,
        "train_vehicle": 0.4640625
      }
    },
    "french": {
      "replayCount": 2,
      "totalMacroActions": 501,
      "stagePriors": {
        "build": 0.09580838323353294,
        "production": 0.17365269461077845,
        "setup": 0.017964071856287425,
        "tactical": 0.7125748502994012
      },
      "templatePriors": {
        "attack_move_center": 0.38064516129032255,
        "deploy_mcv": 0.05806451612903226,
        "train_infantry": 0.2,
        "train_vehicle": 0.36129032258064514
      }
    },
    "germans": {
      "replayCount": 1,
      "totalMacroActions": 77,
      "stagePriors": {
        "build": 0.16883116883116883,
        "production": 0.2987012987012987,
        "setup": 0.025974025974025976,
        "tactical": 0.5064935064935064
      },
      "templatePriors": {
        "attack_move_center": 0.4186046511627907,
        "deploy_mcv": 0.046511627906976744,
        "train_infantry": 0.16279069767441862,
        "train_vehicle": 0.37209302325581395
      }
    }
  },
  "byMapAndPlayerCountry": {
    "2_malibu_cliffs_le.map::americans": {
      "replayCount": 1,
      "totalMacroActions": 65,
      "stagePriors": {
        "build": 0.15384615384615385,
        "production": 0.4153846153846154,
        "setup": 0.03076923076923077,
        "tactical": 0.4
      },
      "templatePriors": {
        "deploy_mcv": 0.06896551724137931,
        "train_infantry": 0.3793103448275862,
        "train_vehicle": 0.5517241379310345
      }
    },
    "2_malibu_cliffs_le.map::arabs": {
      "replayCount": 2,
      "totalMacroActions": 494,
      "stagePriors": {
        "build": 0.058704453441295545,
        "production": 0.1194331983805668,